,row_number,Timestamp,Resource,User,Action,is_anomaly,decision_scores
36,36,2023-03-20 08:40:00,bucket/search,Zelig Brinded,CREATE,0,-0.03544531635657866
42,42,2023-03-20 08:38:00,bucket/accountMenu,Willie Netherwood,READ,0,-0.008911625414189217
71,71,2023-03-17 18:32:00,bucket/search,Ajay Durward,WRITE,0,-0.019779009414100712
104,104,2023-03-17 16:12:00,bucket/search,Violetta Francois,CREATE,0,-0.00360569550151435
143,143,2023-03-15 16:06:00,bucket/search,Yuri Crossfield,WRITE,0,-0.029939108816067095
147,147,2023-03-15 16:01:00,bucket/search,Virgil Markussen,CREATE,0,-0.00821531810879872
167,167,2023-07-03 19:56:00,bucket/browseTitlesGallery,Skelly Gopsell,UPDATE,0,-0.0004894589329391685
168,168,2023-07-03 19:56:00,bucket/browseTitlesGallery,Arel Tyson,READ,0,-0.02202692579028509
169,169,2023-07-03 19:56:00,bucket/search,Ericha Dressel,DELETE,0,-0.011638309845663164
170,170,2023-07-03 19:56:00,bucket/browseTitlesGallery,Yasmin Findlow,DELETE,0,-0.039723587504961744
171,171,2023-07-03 19:55:00,bucket/search,Corby Van Der Straaten,READ,0,-0.016398801437229382
173,173,2023-07-03 19:55:00,bucket/browseTitles,Aprilette Veysey,DELETE,0,-0.003228852613361144
174,174,2023-07-03 19:55:00,bucket/browseTitlesGallery,Biddy Rief,READ,0,-0.005705607120998546
175,175,2023-07-03 19:55:00,bucket/search,Brunhilda Davley,DELETE,0,-0.017706478427906847
176,176,2023-07-03 19:55:00,bucket/browseTitles,Artair Ondrich,WRITE,0,-0.024790763638462
178,178,2023-07-03 19:53:00,bucket/search,Gabrila Speedin,WRITE,0,-0.021016936122351115
188,188,2023-06-03 17:25:00,bucket/browseTitles,Allx Fretter,WRITE,0,-0.029373125941508538
190,190,2023-06-03 17:22:00,bucket/browseTitles,Tansy Symons,WRITE,0,-0.006245615853740616
197,197,2023-06-03 17:19:00,bucket/browseTitles,Arlee Levine,UPDATE,0,-0.0001830753632258153
201,201,2023-06-03 17:18:00,bucket/profilesGate,Vernen Ivakhnov,WRITE,0,-0.017548628332882954
203,203,2023-06-03 16:32:00,bucket/search,Dorothea Rogister,WRITE,0,-0.017560810240442537
211,211,2023-02-03 19:49:00,bucket/search,Tobe Torrejon,CREATE,0,-0.04923603030945012
212,212,2023-02-03 19:49:00,bucket/movieDetails,Trudey Wagge,WRITE,0,-0.01819030482445838
214,214,2023-02-03 19:48:00,bucket/search,Seline Garvill,DELETE,0,-0.02151329895363452
218,218,2023-02-03 19:47:00,bucket/search,Adair Spurman,READ,0,-0.047141143251138606
220,220,2023-02-03 19:46:00,bucket/search,Bryna Monson,DELETE,0,-0.0053961751693247795
226,226,2023-02-03 19:09:00,bucket/movieDetails,Averell Shellsheere,WRITE,0,-0.005923584862826847
232,232,2023-01-03 12:44:00,bucket/search,Joni Rays,DELETE,0,-0.01601303430317369
234,234,2023-01-03 12:25:00,bucket/search,Anna-maria Voyce,CREATE,0,-0.0763760768556595
235,235,2023-01-03 12:24:00,bucket/search,Earlie Pideon,DELETE,0,-0.02532973847555897
237,237,2023-01-03 12:24:00,bucket/profilesGate,Lilla Rowden,READ,0,-0.0008650948563035943
260,260,2023-02-22 18:19:00,bucket/search,Sallyann Jarad,CREATE,0,-0.010651866123049913
267,267,2023-02-20 15:56:00,bucket/browseTitles,Titus Meecher,CREATE,0,-0.006148798997064664
278,278,2023-03-20 08:37:00,bucket/accountMenu,Addie Clancey,UPDATE,0,-0.011003401691407011
289,289,2023-03-19 18:09:00,bucket/cachedVideos,Andrea Boutellier,CREATE,0,-0.00704343711058808
305,305,2023-03-18 14:15:00,bucket/browseTitlesGallery,Whitney McTerlagh,WRITE,0,-0.007874344746297779
328,328,2023-03-17 16:05:00,bucket/search,Alvie Mitkin,WRITE,0,-0.01315319515606539
370,370,2023-03-16 05:43:00,bucket/cachedVideos,Alexandro Curwood,CREATE,0,-0.014120259956737935
388,388,2023-11-03 08:07:00,bucket/playback,Normy Dome,WRITE,0,-0.04706994398097286
389,389,2023-11-03 08:07:00,bucket/movieDetails,Bab Ashby,UPDATE,0,-0.04572076013797621
390,390,2023-11-03 08:04:00,bucket/playback,Kale Dunniom,CREATE,0,-0.029052628751683685
391,391,2023-11-03 08:04:00,bucket/movieDetails,Constantino Message,WRITE,0,-0.038071400827368596
392,392,2023-11-03 08:03:00,bucket/movieDetails,Cy Mannagh,CREATE,0,-0.03931044915126758
393,393,2023-11-03 08:03:00,bucket/movieDetails,Valdemar Whate,DELETE,0,-0.04287309968076902
394,394,2023-11-03 08:03:00,bucket/search,Dinny Soppit,CREATE,0,-0.08329294189725622
395,395,2023-11-03 08:03:00,bucket/movieDetails,Eldin Manhood,WRITE,0,-0.03399321432997948
396,396,2023-11-03 08:02:00,bucket/movieDetails,Cleon De Maine,UPDATE,0,-0.025756765884198285
397,397,2023-11-03 08:02:00,bucket/search,Kelwin Dorward,DELETE,0,-0.07490620663715197
398,398,2023-11-03 08:01:00,bucket/search,Giraud Harlin,WRITE,0,-0.08398126864672839
399,399,2023-11-03 08:01:00,bucket/movieDetails,Prescott Vondruska,CREATE,0,-0.033402615209166986
400,400,2023-11-03 08:00:00,bucket/browseTitles,Alla Peniman,WRITE,0,-0.08126183012138755
401,401,2023-11-03 08:00:00,bucket/search,Arturo Bonsale,CREATE,0,-0.09714697297326069
402,402,2023-11-03 07:59:00,bucket/movieDetails,Carlen Dives,UPDATE,0,-0.031022875403760253
403,403,2023-11-03 07:59:00,bucket/browseTitles,Oswell Giercke,READ,0,-0.022049321543941347
404,404,2023-11-03 07:59:00,bucket/movieDetails,Ariel Merrill,DELETE,0,-0.051366705738699614
405,405,2023-11-03 07:59:00,bucket/browseTitles,Carol Horry,UPDATE,0,-0.044058686872602726
406,406,2023-11-03 07:59:00,bucket/browseTitles,Erminie Ipgrave,CREATE,0,-0.036642103982104435
407,407,2023-11-03 07:59:00,bucket/search,Carlyle Gallagher,READ,0,-0.08397152081338732
408,408,2023-11-03 07:58:00,bucket/search,Frederica Joselovitch,WRITE,0,-0.08312643898302274
409,409,2023-11-03 07:58:00,bucket/browseTitles,Toni Aiston,CREATE,0,-0.06158187610775778
410,410,2023-11-03 07:57:00,bucket/movieDetails,Perrine Danton,UPDATE,0,-0.021397182081647204
411,411,2023-11-03 07:57:00,bucket/browseTitles,Dominga Denys,DELETE,0,-0.0427810434605318
412,412,2023-11-03 07:56:00,bucket/movieDetails,Fleurette Kenford,UPDATE,0,-0.01304860143848785
413,413,2023-11-03 07:56:00,bucket/browseTitles,Bryce De Moreno,WRITE,0,-0.052760927244711375
414,414,2023-11-03 07:56:00,bucket/browseTitles,Pavla Matz,CREATE,0,-0.038677262687849434
415,415,2023-11-03 07:56:00,bucket/playback,Abe Santos,DELETE,0,-0.07569175130257044
416,416,2023-11-03 07:56:00,bucket/playback,Randy Greystock,UPDATE,0,-0.030448526302780388
417,417,2023-11-03 07:56:00,bucket/browseTitles,Isador Grist,DELETE,0,-0.0282254608715079
418,418,2023-11-03 07:55:00,bucket/browseTitles,Brendan Bockh,CREATE,0,-0.05800238316287365
419,419,2023-11-03 07:55:00,bucket/playback,Rustin Dilrew,WRITE,0,-0.06123261332125085
420,420,2023-11-03 07:46:00,bucket/playback,Ammamaria Gladdin,CREATE,0,-0.06458430276157712
421,421,2023-11-03 07:46:00,bucket/browseTitles,Keen Gleeson,UPDATE,0,-0.0253146703567515
422,422,2023-11-03 07:44:00,bucket/playback,Francklin Witheridge,CREATE,0,-0.027438875476736957
423,423,2023-11-03 07:44:00,bucket/browseTitles,Nathanael Brockest,DELETE,0,-0.03292874941004398
424,424,2023-11-03 07:35:00,bucket/playback,Dara Frere,CREATE,0,-0.04377631008897831
425,425,2023-11-03 07:35:00,bucket/browseTitles,Bartholemy Reuther,CREATE,0,-0.07357386808213184
426,426,2023-11-03 07:34:00,bucket/profilesGate,Arnie Kite,DELETE,0,-0.07473973117180577
427,427,2023-11-03 07:34:00,bucket/browseTitles,Candie Spybey,WRITE,0,-0.050731457836490246
428,428,2023-10-03 16:21:00,bucket/playback,Minda Gault,UPDATE,0,-0.010264898707175396
429,429,2023-10-03 16:21:00,bucket/browseTitles,Aileen Olyff,UPDATE,0,-0.06302307281946251
430,430,2023-10-03 16:12:00,bucket/browseTitles,Yetta Janout,READ,0,-0.04788058167941511
431,431,2023-10-03 16:12:00,bucket/playback,Stanislas Tesauro,UPDATE,0,-0.03298378716941164
432,432,2023-10-03 16:12:00,bucket/movieDetails,Robenia Troth,WRITE,0,-0.03781711506259766
433,433,2023-10-03 16:12:00,bucket/browseTitles,Marjie Newbigging,UPDATE,0,-0.010751892395747253
434,434,2023-10-03 16:12:00,bucket/browseTitles,Alexandro Christiensen,CREATE,0,-0.07695785378186981
435,435,2023-10-03 16:12:00,bucket/movieDetails,Nickolas Raynham,DELETE,0,-0.010501500344776593
436,436,2023-10-03 16:12:00,bucket/profilesGate,Burlie Johnstone,CREATE,0,-0.046668521024511134
437,437,2023-10-03 16:12:00,bucket/browseTitles,Glenine Southby,READ,0,-0.013322864004176926
438,438,2023-09-03 16:36:00,bucket/browseTitles,Morley Metham,WRITE,0,-0.03129964371652849
439,439,2023-09-03 16:36:00,bucket/profilesGate,Griffin Farrent,WRITE,0,-0.01468277177920585
440,440,2023-07-03 17:32:00,bucket/cachedVideos,Stearne Arrundale,CREATE,0,-0.02655963806535311
445,445,2023-07-03 15:22:00,bucket/cachedVideos,Albertina Twiname,WRITE,0,-0.04902846585986109
446,446,2023-07-03 15:22:00,bucket/cachedVideos,Steffie Vicker,UPDATE,0,-0.0006941283062111836
476,476,2023-01-03 16:58:00,bucket/browseTitlesGallery,Gabriello Ellerington,DELETE,0,-0.011908690886990314
477,477,2023-01-03 16:58:00,bucket/browseTitles,Granthem Ghion,WRITE,0,-0.019751583975619602
478,478,2023-01-03 16:58:00,bucket/browseTitles,Filmore Faich,WRITE,0,-0.020553107420640093
479,479,2023-01-03 16:58:00,bucket/browseTitlesGallery,Joice Chadbourne,DELETE,0,-0.009704949818695852
481,481,2023-01-03 16:58:00,bucket/profilesGate,Ephrem Challoner,CREATE,0,-0.023380963596520088
503,503,2023-02-28 17:00:00,bucket/browseTitles,Wallis Wones,CREATE,0,-0.01620762953650856
507,507,2023-02-28 10:33:00,bucket/search,Abbye Darville,UPDATE,0,-0.009603440592075074
523,523,2023-03-28 14:59:00,bucket/browseTitles,Abram Riddlesden,WRITE,0,-0.004829970349582435
572,572,2023-03-27 03:35:00,bucket/search,Zonnya Grigorian,DELETE,0,-0.020229449391874765
589,589,2023-03-24 16:28:00,bucket/movieDetails,Zenia Craw,CREATE,0,-0.007070186524725908
665,665,2023-03-20 14:52:00,bucket/similarTitlesSelector,Lizette De Andisie,WRITE,0,-0.01768817973850567
801,801,2023-03-14 04:30:00,bucket/thumbRatingWelcomeDialog,Nathanial Smallpeice,UPDATE,0,-0.002818033267791953
804,804,2023-03-14 04:30:00,bucket/thumbRatingWelcomeDialog,Maximilien Bezant,CREATE,0,-0.017157250129307355
847,847,2023-12-03 16:19:00,bucket/movieDetails,Roldan Blaszkiewicz,WRITE,0,-0.07305484462980982
848,848,2023-12-03 16:19:00,bucket/profilesGate,Cleavland O'Fairy,WRITE,0,-0.09370143733435332
849,849,2023-12-03 15:49:00,bucket/movieDetails,Wenonah Clover,READ,0,-0.07425821805068655
850,850,2023-12-03 15:49:00,bucket/playback,Noelyn Curbishley,READ,0,-0.047670059644441154
851,851,2023-12-03 15:36:00,bucket/movieDetails,Keri O'Dea,CREATE,0,-0.045389775662889265
852,852,2023-12-03 15:36:00,bucket/playback,Correy Aldrin,READ,0,-0.06679139253970656
853,853,2023-12-03 15:34:00,bucket/playback,Rachael Kersley,READ,0,-0.05698952984569583
854,854,2023-12-03 15:34:00,bucket/movieDetails,Gibb Snoddy,CREATE,0,-0.04949745344643275
855,855,2023-12-03 15:18:00,bucket/postPlay,Harper Mullenger,DELETE,0,-0.06157402028701253
856,856,2023-12-03 15:18:00,bucket/playback,Georgie Kilcullen,CREATE,0,-0.05233017173021315
857,857,2023-12-03 15:18:00,bucket/playback,Hayes Martinson,DELETE,0,-0.040367522181673166
858,858,2023-12-03 15:18:00,bucket/postPlay,Gwenore Liles,DELETE,0,-0.0602522656347908
859,859,2023-12-03 15:07:00,bucket/movieDetails,Adara Kydde,DELETE,0,-0.08629109686981862
860,860,2023-12-03 15:07:00,bucket/playback,Olva Broszkiewicz,CREATE,0,-0.057765396467712615
861,861,2023-12-03 15:06:00,bucket/playback,Nathalie McUre,CREATE,0,-0.05833771004540045
862,862,2023-12-03 15:06:00,bucket/movieDetails,Willabella Chellenham,CREATE,0,-0.0989725530814114
863,863,2023-12-03 15:01:00,bucket/movieDetails,Royal Crayk,WRITE,0,-0.07389603646260601
864,864,2023-12-03 15:01:00,bucket/playback,Alonso Cardenosa,WRITE,0,-0.09886103357246367
865,865,2023-12-03 15:00:00,bucket/browseTitles,Kayne Kilpatrick,CREATE,0,-0.06010680292364534
866,866,2023-12-03 15:00:00,bucket/movieDetails,Thatcher Oldland,DELETE,0,-0.0636084696773569
867,867,2023-12-03 14:59:00,bucket/profilesGate,Sara Arrigucci,UPDATE,0,-0.08227237082970829
868,868,2023-12-03 14:59:00,bucket/browseTitles,Guglielmo Lerer,CREATE,0,-0.05971695485303219
869,869,2023-12-03 14:59:00,bucket/profilesGate,Madge Onge,WRITE,0,-0.08142086935121962
870,870,2023-11-03 16:09:00,bucket/movieDetails,Lynn Hassard,DELETE,0,-0.009715515715613243
871,871,2023-11-03 16:09:00,bucket/browseTitles,Shoshanna Kamiyama,DELETE,0,-0.03883133090389068
872,872,2023-11-03 16:09:00,bucket/movieDetails,Kenn Sheber,DELETE,0,-0.00760631581965765
873,873,2023-11-03 16:09:00,bucket/movieDetails,Garrek Brookton,CREATE,0,-0.024144495885799366
874,874,2023-11-03 16:09:00,bucket/movieDetails,Angy Buckett,WRITE,0,-0.06682399062912914
875,875,2023-11-03 16:09:00,bucket/movieDetails,Gabey Rushbrooke,DELETE,0,-0.013408631667514381
876,876,2023-11-03 16:09:00,bucket/playback,Fifine Rillstone,DELETE,0,-0.019251314888819593
877,877,2023-11-03 16:09:00,bucket/movieDetails,Drusy Coulthard,CREATE,0,-0.03118208932155453
878,878,2023-11-03 16:07:00,bucket/playback,Georgetta Mayor,DELETE,0,-0.014289290537083499
879,879,2023-11-03 16:07:00,bucket/movieDetails,Cassie Echelle,UPDATE,0,-0.03326347735936375
880,880,2023-11-03 16:07:00,bucket/movieDetails,Fonz Bonafant,READ,0,-0.013055669055749064
881,881,2023-11-03 16:07:00,bucket/movieDetails,Tomasine Diehn,UPDATE,0,-0.04539261093613112
882,882,2023-11-03 16:07:00,bucket/playback,Sawyere Danis,CREATE,0,-0.05610638733243012
883,883,2023-11-03 16:07:00,bucket/movieDetails,Ellery Walthew,UPDATE,0,-0.01647975154278447
884,884,2023-11-03 15:58:00,bucket/playback,Hirsch Flook,WRITE,0,-0.03298081910780126
885,885,2023-11-03 15:58:00,bucket/movieDetails,Katti Gotts,CREATE,0,-0.022392867568870378
886,886,2023-11-03 15:58:00,bucket/movieDetails,Henry Goodluck,CREATE,0,-0.020939422775225536
887,887,2023-11-03 15:58:00,bucket/movieDetails,Ettore Housiaux,UPDATE,0,-0.017244335688043955
888,888,2023-11-03 15:57:00,bucket/movieDetails,Chaim Carvill,UPDATE,0,-0.03000991310563228
889,889,2023-11-03 15:57:00,bucket/browseTitles,Ulric Suffield,READ,0,-0.04722575594284684
890,890,2023-11-03 15:57:00,bucket/profilesGate,Jamill Wadhams,CREATE,0,-0.05526918840513817
891,891,2023-11-03 15:57:00,bucket/browseTitles,Brandais Maccaig,DELETE,0,-0.05785883527303559
892,892,2023-10-03 16:44:00,bucket/profilesGate,Jessamyn Dulin,CREATE,0,-0.03918279274256553
893,893,2023-10-03 16:44:00,bucket/browseTitles,Lief Messingham,CREATE,0,-0.019800023002173317
894,894,2023-09-03 15:45:00,bucket/profilesGate,Nicol Levane,READ,0,-0.013918240744973276
895,895,2023-09-03 15:45:00,bucket/browseTitles,Ebba Thursby,WRITE,0,-0.00435731845781806
900,900,2023-09-03 08:05:00,bucket/episodesSelector,Wynny Foystone,WRITE,0,-0.07796838587579202
901,901,2023-09-03 08:05:00,bucket/playback,Orville Karolowski,WRITE,0,-0.008095926538510767
903,903,2023-09-03 08:04:00,bucket/episodesSelector,Bartolemo McGowran,WRITE,0,-0.03778594736317831
905,905,2023-09-03 08:04:00,bucket/movieDetails,Damaris Lavens,WRITE,0,-0.00517015779546115
906,906,2023-09-03 08:03:00,bucket/movieDetails,Yevette Coare,CREATE,0,-0.06364739415377618
908,908,2023-09-03 08:03:00,bucket/episodesSelector,Branden Froom,READ,0,-0.01959295135954575
911,911,2023-09-03 08:02:00,bucket/episodesSelector,Harriett Nore,WRITE,0,-0.01595496299231247
912,912,2023-09-03 08:02:00,bucket/browseTitles,Winny Delgadillo,READ,0,-0.02558727762917634
918,918,2023-09-03 08:02:00,bucket/episodesSelector,Ernesto Fort,CREATE,0,-0.018694483883370583
919,919,2023-09-03 08:02:00,bucket/playback,Chloris Frankiewicz,CREATE,0,-0.020630532509333777
921,921,2023-09-03 08:01:00,bucket/episodesSelector,Quintus Curnok,READ,0,-0.006417039426181326
922,922,2023-09-03 08:01:00,bucket/browseTitles,Alva Sellen,DELETE,0,-0.04226317614253139
924,924,2023-09-03 08:01:00,bucket/movieDetails,Lenka Dunbar,WRITE,0,-0.00039332675276559925
925,925,2023-09-03 08:01:00,bucket/browseTitles,Benton Sinott,READ,0,-0.0123496963073777
926,926,2023-09-03 08:01:00,bucket/playback,Selig Mathwen,DELETE,0,-0.00973028211592808
927,927,2023-09-03 08:01:00,bucket/movieDetails,Rosemarie Burleigh,CREATE,0,-0.01829421332707215
928,928,2023-09-03 07:55:00,bucket/movieDetails,Bel Muncer,DELETE,0,-0.0061394993314858315
929,929,2023-09-03 07:55:00,bucket/playback,Rock Champkins,CREATE,0,-0.021156644624589438
930,930,2023-09-03 07:55:00,bucket/browseTitles,Lothario Ettles,WRITE,0,-0.010432059014215067
932,932,2023-09-03 07:55:00,bucket/profilesGate,Vinny Ipwell,DELETE,0,-0.04186771571054082
933,933,2023-09-03 07:55:00,bucket/browseTitles,Britta Wavish,WRITE,0,-0.01831985647903256
934,934,2023-09-03 07:55:00,bucket/profilesGate,Andris Overstone,CREATE,0,-0.04973502898309623
935,935,2023-09-03 04:23:00,bucket/playback,Abagail Patman,WRITE,0,-0.05871336012168171
939,939,2023-09-03 04:07:00,bucket/episodesSelector,Salvador Labbati,WRITE,0,-0.049561963290517985
940,940,2023-09-03 04:07:00,bucket/movieDetails,Waylen Mushett,READ,0,-0.011185896912564885
942,942,2023-09-03 04:07:00,bucket/movieDetails,Randee Hutchin,CREATE,0,-0.014806529142170954
944,944,2023-09-03 04:07:00,bucket/playback,Wat Giorgio,UPDATE,0,-0.019270834134267445
947,947,2023-09-03 04:06:00,bucket/profilesGate,Tome Bohills,WRITE,0,-0.059842213210150264
949,949,2023-09-03 04:06:00,bucket/profilesGate,Ardyce Calendar,WRITE,0,-0.05311533516042799
952,952,2023-08-03 15:42:00,bucket/playback,Matthias Overill,CREATE,0,-0.001090530153174285
954,954,2023-08-03 15:20:00,bucket/postPlay,Claresta Hensmans,CREATE,0,-0.006569145595368031
956,956,2023-08-03 15:19:00,bucket/playback,Welsh Joinson,UPDATE,0,-0.010161178115094205
957,957,2023-08-03 15:19:00,bucket/postPlay,Tudor Sawforde,DELETE,0,-0.020560194383785757
958,958,2023-08-03 14:58:00,bucket/playback,Theodore Stratton,DELETE,0,-0.010367103192901128
963,963,2023-08-03 14:57:00,bucket/profilesGate,Carin Selwood,CREATE,0,-0.013939932756663054
964,964,2023-08-03 14:57:00,bucket/profilesGate,Isa Anthill,WRITE,0,-0.0018363165096962897
969,969,2023-08-03 08:11:00,bucket/movieDetails,Walsh Currier,READ,0,-0.003095551035828925
973,973,2023-08-03 08:11:00,bucket/profilesGate,Vivie Ameer-Beg,CREATE,0,-0.05393599200773036
980,980,2023-08-03 05:31:00,bucket/postPlay,Netti Burtt,WRITE,0,-0.007598518888430772
986,986,2023-08-03 04:55:00,bucket/postPlay,Rollo Simnor,WRITE,0,-0.00930090634477354
989,989,2023-08-03 04:55:00,bucket/playback,Barney Vasechkin,WRITE,0,-0.008390638555715424
992,992,2023-08-03 04:54:00,bucket/postPlay,Anastassia Slaney,READ,0,-0.011312818736172625
995,995,2023-08-03 04:37:00,bucket/playback,Van Payle,UPDATE,0,-0.003999583633919501
996,996,2023-08-03 04:37:00,bucket/browseTitles,Beltran Kinforth,CREATE,0,-0.015165595520469144
998,998,2023-08-03 04:36:00,bucket/profilesGate,Jephthah Martynikhin,CREATE,0,-0.0057465198622942415
1000,1000,2023-08-03 04:36:00,bucket/profilesGate,Berthe Duferie,READ,0,-0.0066562284837212715
1002,1002,2023-07-03 17:37:00,bucket/movieDetails,Yance Sorton,WRITE,0,-0.031264571824730636
1007,1007,2023-07-03 15:47:00,bucket/playback,Winslow McMorland,CREATE,0,-0.03172882028089352
1013,1013,2023-07-03 15:41:00,bucket/movieDetails,Wylma Booi,CREATE,0,-0.03913137139656975
1017,1017,2023-07-03 15:40:00,bucket/postPlay,Abigale Joseland,WRITE,0,-0.0331621138049667
1021,1021,2023-07-03 15:29:00,bucket/postPlay,Abeu Cohani,READ,0,-0.01723865661375068
1027,1027,2023-07-03 15:23:00,bucket/browseTitles,Wenda Brenard,WRITE,0,-0.029949529794597085
1032,1032,2023-02-25 15:00:00,bucket/profilesGate,Zitella List,CREATE,0,-0.02599014089321683
1043,1043,2023-02-25 13:14:00,bucket/cachedVideos,Tomasina Matushevich,WRITE,0,-0.007884173984145426
1102,1102,2023-02-23 15:58:00,bucket/profilesGate,Alana Armfirld,WRITE,0,-0.0030271378862495313
1110,1110,2023-02-20 08:12:00,bucket/similarTitlesSelector,Waylen Maryman,UPDATE,0,-0.04968672388779438
1112,1112,2023-02-20 08:11:00,bucket/similarTitlesSelector,Harriet Chillistone,UPDATE,0,-0.025992287471394038
1115,1115,2023-02-20 08:11:00,bucket/similarTitlesSelector,Aila Reignould,CREATE,0,-0.07697177732824179
1116,1116,2023-02-20 08:11:00,bucket/similarTitlesSelector,Augustus Sterricker,UPDATE,0,-0.04155220474115018
1152,1152,2023-03-26 07:17:00,bucket/browseGames,Wylie Want,WRITE,0,-0.012543485786470687
1214,1214,2023-03-21 18:31:00,bucket/search,Annabal Gaitung,CREATE,0,-0.006071076935184161
1245,1245,2023-03-20 07:56:00,bucket/accountMenu,Shell Daintry,WRITE,0,-0.001071168164027414
1302,1302,2023-03-18 21:04:00,bucket/search,Udell Rubrow,WRITE,0,-0.00581517873437476
1345,1345,2023-03-18 12:56:00,bucket/search,Alleyn Vallintine,CREATE,0,-0.013676967985609356
1346,1346,2023-03-18 12:55:00,bucket/search,Andreana Howcroft,CREATE,0,-0.00524983952083069
1348,1348,2023-03-18 12:11:00,bucket/search,Alethea Surman,WRITE,0,-0.01627889187951992
1361,1361,2023-03-18 11:00:00,bucket/search,Adolpho Kerwood,WRITE,0,-0.023612032557267404
1382,1382,2023-03-17 15:31:00,bucket/accountMenu,Whitney Grunwall,UPDATE,0,-0.0025450491102015915
1469,1469,2023-03-13 18:45:00,bucket/search,Antonius Jepps,WRITE,0,-0.007031455417866983
1488,1488,2023-12-03 09:02:00,bucket/movieDetails,Terrye Jaskowicz,CREATE,0,-0.0750940706801354
1489,1489,2023-12-03 09:02:00,bucket/movieDetails,Marina McKitterick,DELETE,0,-0.04545372145820881
1490,1490,2023-12-03 09:02:00,bucket/movieDetails,Halsey Doerffer,UPDATE,0,-0.04334600271920319
1491,1491,2023-12-03 09:02:00,bucket/movieDetails,Edlin Gilbertson,UPDATE,0,-0.043770773549346775
1492,1492,2023-12-03 09:01:00,bucket/movieDetails,Manya Woolatt,DELETE,0,-0.04437163704246139
1493,1493,2023-12-03 09:01:00,bucket/movieDetails,Salvatore Yankin,UPDATE,0,-0.055364229117985775
1494,1494,2023-12-03 09:01:00,bucket/browseTitles,Truda Henkmann,READ,0,-0.06395762436018237
1495,1495,2023-12-03 09:01:00,bucket/movieDetails,Glynnis Cutchee,READ,0,-0.04435139064533611
1496,1496,2023-12-03 09:01:00,bucket/movieDetails,Sherlock De Normanville,UPDATE,0,-0.05948545406452466
1497,1497,2023-12-03 09:01:00,bucket/browseTitles,Vincenty De Ath,WRITE,0,-0.09230328669650989
1498,1498,2023-12-03 09:01:00,bucket/browseTitles,Cecil Parkhouse,WRITE,0,-0.07896099797092693
1499,1499,2023-12-03 09:01:00,bucket/movieDetails,Gaelan Kenelin,UPDATE,0,-0.041382619332972714
1500,1500,2023-12-03 08:59:00,bucket/movieDetails,Georgeta Crowther,WRITE,0,-0.06101715703957722
1501,1501,2023-12-03 08:59:00,bucket/browseTitles,Nathalie Brave,WRITE,0,-0.07092720817404585
1502,1502,2023-12-03 08:59:00,bucket/browseTitles,Jeffy Sphinxe,UPDATE,0,-0.05187163965348651
1503,1503,2023-12-03 08:59:00,bucket/movieDetails,Julie Brokenshaw,READ,0,-0.03545586728785943
1504,1504,2023-12-03 08:59:00,bucket/movieDetails,Gertrud Gladden,READ,0,-0.04246754171432532
1505,1505,2023-12-03 08:59:00,bucket/browseTitles,Tate Sedge,READ,0,-0.059319267980256996
1506,1506,2023-12-03 08:59:00,bucket/browseTitles,Cecily Kemish,WRITE,0,-0.07853683404520062
1507,1507,2023-12-03 08:59:00,bucket/movieDetails,Vaughan Tamas,READ,0,-0.06092945060262933
1508,1508,2023-12-03 08:58:00,bucket/movieDetails,Roze Onslow,DELETE,0,-0.052880863469972894
1509,1509,2023-12-03 08:58:00,bucket/browseTitles,Ange Gawthrop,CREATE,0,-0.0973828464975961
1510,1510,2023-12-03 08:58:00,bucket/browseTitles,Ken Fruin,READ,0,-0.05419016467755966
1511,1511,2023-12-03 08:58:00,bucket/movieDetails,Andie Krop,CREATE,0,-0.0832133371249062
1512,1512,2023-12-03 08:58:00,bucket/profilesGate,Esmaria Pavlishchev,CREATE,0,-0.07302667670567597
1513,1513,2023-12-03 08:58:00,bucket/browseTitles,Meagan Ringham,CREATE,0,-0.062206111978595935
1514,1514,2023-11-03 14:41:00,bucket/browseTitlesGallery,Nathalie Pardey,DELETE,0,-0.04696433857737892
1515,1515,2023-11-03 14:41:00,bucket/browseTitles,Hyman Goatcher,WRITE,0,-0.04356922817996223
1516,1516,2023-11-03 14:41:00,bucket/browseTitles,Ax Stonehewer,CREATE,0,-0.07523408852234914
1517,1517,2023-11-03 14:41:00,bucket/browseTitlesGallery,Madelyn Pithcock,WRITE,0,-0.05717802166385366
1518,1518,2023-11-03 14:41:00,bucket/browseTitles,Nolie Skewis,CREATE,0,-0.037213556179087615
1519,1519,2023-11-03 14:41:00,bucket/profilesGate,Davidson De la Yglesias,DELETE,0,-0.060519564160506634
1520,1520,2023-11-03 06:36:00,bucket/browseTitles,Godfree Zecchinii,READ,0,-0.031693308757349214
1521,1521,2023-11-03 06:36:00,bucket/gameDetails,Elspeth Snasdell,DELETE,0,-0.04406582735702791
1522,1522,2023-11-03 06:35:00,bucket/gameDetails,Melloney Poplee,UPDATE,0,-0.0382035175219958
1523,1523,2023-11-03 06:35:00,bucket/browseTitles,Mame Yendle,READ,0,-0.023724779050339206
1524,1524,2023-11-03 06:35:00,bucket/browseTitles,Dorella Dutson,CREATE,0,-0.0431579336377198
1525,1525,2023-11-03 06:35:00,bucket/gameDetails,Devlin Clynmans,WRITE,0,-0.04485886149459761
1526,1526,2023-11-03 06:35:00,bucket/browseTitles,Harald Spowart,WRITE,0,-0.04081966484767441
1527,1527,2023-11-03 06:35:00,bucket/gameDetails,Germayne Bartali,CREATE,0,-0.04057488650107144
1528,1528,2023-11-03 06:35:00,bucket/gameDetails,Wain Abrahamsson,UPDATE,0,-0.06152432733376423
1529,1529,2023-11-03 06:35:00,bucket/browseTitles,Heloise Culverhouse,CREATE,0,-0.03224777909156018
1530,1530,2023-11-03 06:34:00,bucket/browseTitles,Jerald Boar,WRITE,0,-0.04564485040674238
1531,1531,2023-11-03 06:34:00,bucket/gameDetails,Valentin Bakes,WRITE,0,-0.08072072841217148
1532,1532,2023-11-03 06:34:00,bucket/profilesGate,Jessa McQuorkel,CREATE,0,-0.057192505142225514
1533,1533,2023-11-03 06:34:00,bucket/browseTitles,Manny Cridlon,READ,0,-0.023444236193181034
1534,1534,2023-11-03 05:26:00,bucket/profilesGate,Guillaume Scarfe,CREATE,0,-0.0505685953714049
1535,1535,2023-11-03 05:26:00,bucket/browseTitles,Roxane McNeice,DELETE,0,-0.03312725015101303
1536,1536,2023-10-03 18:26:00,bucket/playback,Reider Facher,CREATE,0,-0.02707039867083405
1537,1537,2023-10-03 18:26:00,bucket/movieDetails,Amberly Worham,WRITE,0,-0.055197494809473
1538,1538,2023-10-03 18:25:00,bucket/playback,Karine Trevers,WRITE,0,-0.018087696793754993
1539,1539,2023-10-03 18:24:00,bucket/movieDetails,Osborne Rawling,DELETE,0,-0.008140220671184362
1540,1540,2023-10-03 18:24:00,bucket/playback,Norbie Crannis,READ,0,-0.008856016122622878
1541,1541,2023-10-03 18:24:00,bucket/movieDetails,Bartholemy Spino,UPDATE,0,-0.03305340323937922
1542,1542,2023-10-03 18:20:00,bucket/playback,Ric Laroux,CREATE,0,-0.029158626936157228
1543,1543,2023-10-03 18:20:00,bucket/movieDetails,Wilfrid Nibley,WRITE,0,-0.07269489352528158
1544,1544,2023-10-03 18:19:00,bucket/playback,Josi Sanger,WRITE,0,-0.018199446468156077
1545,1545,2023-10-03 18:19:00,bucket/movieDetails,Karita Petrusch,CREATE,0,-0.01535074454893326
1546,1546,2023-10-03 18:19:00,bucket/playback,Goldy Renfield,READ,0,-0.002720484972004056
1547,1547,2023-10-03 18:19:00,bucket/movieDetails,Bevin Silliman,CREATE,0,-0.04262843315741771
1548,1548,2023-10-03 18:17:00,bucket/playback,Nollie Wetherill,CREATE,0,-0.014526635662375664
1549,1549,2023-10-03 18:17:00,bucket/movieDetails,Lawrence Fawley,UPDATE,0,-0.001802870849197169
1551,1551,2023-10-03 18:15:00,bucket/playback,Aeriela Bresson,WRITE,0,-0.07324473533881182
1552,1552,2023-10-03 18:15:00,bucket/playback,Mack Luc,WRITE,0,-0.020808546821091567
1553,1553,2023-10-03 18:15:00,bucket/movieDetails,Brewster Hallin,UPDATE,0,-0.02279007924119536
1554,1554,2023-10-03 18:14:00,bucket/playback,Way Dibb,WRITE,0,-0.06544439264840718
1555,1555,2023-10-03 18:14:00,bucket/movieDetails,Tabbatha Audenis,CREATE,0,-0.0403072807351581
1556,1556,2023-10-03 18:14:00,bucket/movieDetails,Juana Yakubovics,CREATE,0,-0.016209197865535763
1557,1557,2023-10-03 18:14:00,bucket/search,Zola Tysall,DELETE,0,-0.10810519694935994
1558,1558,2023-10-03 18:14:00,bucket/search,Devonne Tredgold,READ,0,-0.0663639524052918
1559,1559,2023-10-03 18:13:00,bucket/browseTitles,Ardys Wittier,CREATE,0,-0.061671385001252355
1560,1560,2023-10-03 18:13:00,bucket/browseTitles,Almire Kilgrove,UPDATE,0,-0.05600930012314875
1561,1561,2023-10-03 18:13:00,bucket/profilesGate,Kennan Minogue,CREATE,0,-0.04113250124023171
1562,1562,2023-09-03 07:23:00,bucket/search,Washington Dumsday,READ,0,-0.06537620482202133
1564,1564,2023-09-03 07:23:00,bucket/search,Jaquelin Suttaby,UPDATE,0,-0.027765665929244565
1565,1565,2023-09-03 07:23:00,bucket/search,Wilma Baack,CREATE,0,-0.10142484051476786
1566,1566,2023-09-03 07:23:00,bucket/comedyFeedTab,Cherice Cromar,CREATE,0,-0.03752878147583005
1568,1568,2023-09-03 07:17:00,bucket/movieDetails,Stacey Lindeman,DELETE,0,-0.006757065444059074
1569,1569,2023-09-03 07:17:00,bucket/comedyFeedTab,Jose Jeffers,CREATE,0,-0.026664818393022482
1570,1570,2023-09-03 07:17:00,bucket/search,Sterne Cowland,WRITE,0,-0.08128713034467472
1572,1572,2023-09-03 07:17:00,bucket/search,Cara Fraanchyonok,CREATE,0,-0.06157425390484561
1573,1573,2023-09-03 07:17:00,bucket/browseTitles,Gaby Rowledge,WRITE,0,-0.006509632398673193
1574,1574,2023-09-03 07:17:00,bucket/profilesGate,Maribel Enrietto,DELETE,0,-0.01625075962191147
1575,1575,2023-09-03 07:17:00,bucket/browseTitles,Oliy Wessing,CREATE,0,-0.005448513156923074
1576,1576,2023-09-03 04:59:00,bucket/comedyFeedTab,Claudelle Myles,WRITE,0,-0.02528487690311365
1577,1577,2023-09-03 04:59:00,bucket/browseTitles,Blondy Carverhill,DELETE,0,-0.018512591806939982
1578,1578,2023-09-03 04:59:00,bucket/browseTitles,Edward Clawley,WRITE,0,-0.004301865530369153
1579,1579,2023-09-03 04:59:00,bucket/comedyFeedTab,Rawley Matuszkiewicz,CREATE,0,-0.03657600811522643
1580,1580,2023-09-03 04:59:00,bucket/browseTitles,Desdemona Gaywood,DELETE,0,-0.0044215214163335625
1581,1581,2023-09-03 04:59:00,bucket/accountMenu,Patrizio Castellani,UPDATE,0,-0.038999058436967604
1582,1582,2023-09-03 04:59:00,bucket/webLink,Darby Kilby,UPDATE,0,-0.07035978507045837
1583,1583,2023-09-03 04:59:00,bucket/accountMenu,Heath McCluskey,UPDATE,0,-0.0386452454768319
1584,1584,2023-09-03 04:58:00,bucket/webLink,Saba Merrilees,WRITE,0,-0.10730123541116099
1585,1585,2023-09-03 04:58:00,bucket/accountMenu,Arda Schoular,WRITE,0,-0.07270375692618958
1586,1586,2023-09-03 04:58:00,bucket/settings,Reinald Mingardo,DELETE,0,-0.07628914750763427
1587,1587,2023-09-03 04:58:00,bucket/accountMenu,Margery Pawelec,CREATE,0,-0.05223432724334953
1588,1588,2023-09-03 04:58:00,bucket/settings,Arther Malia,DELETE,0,-0.07829107459631257
1589,1589,2023-09-03 04:58:00,bucket/accountMenu,Bernette Lindenberg,DELETE,0,-0.06977745475107577
1590,1590,2023-09-03 04:58:00,bucket/browseTitles,Tallie Folkes,READ,0,-0.005891418297443218
1591,1591,2023-09-03 04:58:00,bucket/accountMenu,Ardith Kynan,UPDATE,0,-0.059490885327748044
1592,1592,2023-09-03 04:58:00,bucket/browseTitles,Ole Bigly,CREATE,0,-0.005074069950333104
1593,1593,2023-09-03 04:58:00,bucket/accountMenu,Morie Hammett,CREATE,0,-0.05113694488870846
1594,1594,2023-09-03 04:58:00,bucket/accountMenu,Salvidor Bunnell,READ,0,-0.048237864645545026
1595,1595,2023-09-03 04:58:00,bucket/browseTitles,Merla Oxtarby,DELETE,0,-0.0027666513092357015
1596,1596,2023-09-03 04:58:00,bucket/browseTitles,Clarie Rolph,WRITE,0,-0.013226611755092987
1597,1597,2023-09-03 04:58:00,bucket/profilesGate,Maura Cade,UPDATE,0,-0.01141916971872492
1598,1598,2023-09-03 03:13:00,bucket/playback,Aguistin Brisson,READ,0,-0.03330592202647864
1600,1600,2023-09-03 03:13:00,bucket/browseTitles,Cass Joel,CREATE,0,-0.016243374307271297
1602,1602,2023-09-03 03:13:00,bucket/profilesGate,Marris Goldis,CREATE,0,-0.02855635064979911
1603,1603,2023-09-03 03:13:00,bucket/browseTitles,Bess Mewett,UPDATE,0,-0.008247784706308381
1604,1604,2023-08-03 03:27:00,bucket/comedyFeedTab,Aubert Palleske,WRITE,0,-0.037296723599880566
1607,1607,2023-08-03 03:27:00,bucket/comedyFeedTab,Michele Currey,CREATE,0,-0.03037752688100237
1609,1609,2023-08-03 03:26:00,bucket/accountMenu,Dill Gorusso,CREATE,0,-0.0423561266793564
1610,1610,2023-08-03 03:26:00,bucket/accountMenu,Leelah Cisar,WRITE,0,-0.04840354619543641
1612,1612,2023-08-03 03:26:00,bucket/browseTitles,Lyell Ambrosch,WRITE,0,-0.0006495183781737301
1613,1613,2023-08-03 03:26:00,bucket/comedyFeedTab,Doralynne Arnull,READ,0,-0.001940511843354531
1615,1615,2023-08-03 03:26:00,bucket/cachedVideos,Oliy Gollop,CREATE,0,-0.024230976313991848
1616,1616,2023-08-03 03:26:00,bucket/cachedVideos,Kinsley Ryburn,WRITE,0,-0.01927254858606986
1617,1617,2023-08-03 03:26:00,bucket/accountMenu,Jesselyn Larratt,UPDATE,0,-0.02704449577265966
1618,1618,2023-08-03 03:26:00,bucket/browseTitlesGallery,Laurie Hoovart,WRITE,0,-0.017107451367778692
1619,1619,2023-08-03 03:26:00,bucket/accountMenu,Patton McAteer,READ,0,-0.032181751021054916
1620,1620,2023-08-03 03:26:00,bucket/accountMenu,Elnar Bransden,UPDATE,0,-0.019889376088952915
1621,1621,2023-08-03 03:26:00,bucket/browseTitlesGallery,Petr Gopsall,CREATE,0,-0.02399723585416591
1622,1622,2023-08-03 03:26:00,bucket/accountMenu,Korella Hann,DELETE,0,-0.020257157570985784
1624,1624,2023-08-03 03:26:00,bucket/browseTitles,Aleta Pignon,CREATE,0,-0.04688351524616563
1626,1626,2023-08-03 03:26:00,bucket/cachedVideos,Dominik Nono,WRITE,0,-0.021327766337921217
1629,1629,2023-08-03 03:26:00,bucket/accountMenu,Craggy Kless,WRITE,0,-0.05507862374914507
1630,1630,2023-08-03 03:26:00,bucket/accountMenu,Vivian Abrahami,WRITE,0,-0.08171311249110935
1631,1631,2023-08-03 03:26:00,bucket/browseTitles,Tiertza Sporner,WRITE,0,-0.033341670753733066
1632,1632,2023-08-03 03:25:00,bucket/profilesGate,Adlai Longrigg,CREATE,0,-0.049046841742435565
1633,1633,2023-08-03 03:25:00,bucket/browseTitles,Ariana Ludron,DELETE,0,-0.01904951146093936
1635,1635,2023-07-03 19:25:00,bucket/search,Skelly Spataro,DELETE,0,-0.033641142601635865
1637,1637,2023-07-03 17:24:00,bucket/search,Doralynne Senussi,WRITE,0,-0.029373780744651468
1638,1638,2023-07-03 17:24:00,bucket/search,Andrew Josefs,DELETE,0,-0.031866596157986926
1643,1643,2023-07-03 17:15:00,bucket/movieDetails,Asa Hurlston,CREATE,0,-0.008672882363447543
1659,1659,2023-07-03 17:14:00,bucket/browseTitles,Tish Begwell,CREATE,0,-0.015833791168081923
1662,1662,2023-07-03 17:13:00,bucket/browseTitles,Aharon Conningham,DELETE,0,-0.013028400269895823
1666,1666,2023-07-03 17:01:00,bucket/profilesGate,Bobbye Luffman,CREATE,0,-0.0026192973780146955
1667,1667,2023-07-03 17:01:00,bucket/browseTitles,Stephani Croxford,CREATE,0,-0.010162747538309813
1669,1669,2023-07-03 14:00:00,bucket/search,Inglebert Bick,DELETE,0,-0.00107600374775918
1670,1670,2023-07-03 14:00:00,bucket/search,Eachelle Koche,WRITE,0,-0.02859235576096386
1674,1674,2023-07-03 12:13:00,bucket/playback,Bart Dayly,CREATE,0,-0.0036461552943931608
1680,1680,2023-07-03 12:13:00,bucket/browseTitles,Belicia Fowlestone,WRITE,0,-0.01021579684805296
1682,1682,2023-07-03 12:13:00,bucket/browseTitles,Westleigh Andriulis,DELETE,0,-0.0181755384880653
1685,1685,2023-07-03 12:11:00,bucket/browseTitles,Carmelina Thorndycraft,WRITE,0,-0.001585361850925615
1688,1688,2023-07-03 12:11:00,bucket/browseTitles,Terrie Forryan,WRITE,0,-0.014075488767330446
1689,1689,2023-07-03 12:11:00,bucket/movieDetails,Zulema Brogi,WRITE,0,-0.03574554526117768
1697,1697,2023-07-03 09:43:00,bucket/browseTitles,Tracie Nicolls,CREATE,0,-0.021270791492565166
1702,1702,2023-07-03 01:38:00,bucket/browseTitles,Zeke Geharke,CREATE,0,-0.05657643692763015
1707,1707,2023-07-03 01:37:00,bucket/playback,Zelda Lovart,CREATE,0,-0.04395976441314331
1718,1718,2023-06-03 16:33:00,bucket/search,Cherise Rizzardi,DELETE,0,-0.005419719284102453
1727,1727,2023-06-03 14:02:00,bucket/playback,Anestassia Bittleson,WRITE,0,-0.007015892000726387
1728,1728,2023-06-03 14:02:00,bucket/playback,Bailie Nuzzti,CREATE,0,-0.0013483652642648503
1735,1735,2023-06-03 13:21:00,bucket/playback,Bald Scatchard,CREATE,0,-0.0013483652642648503
1736,1736,2023-06-03 13:20:00,bucket/playback,Adrianne Durtnel,UPDATE,0,-0.002938131833546409
1737,1737,2023-06-03 13:20:00,bucket/browseTitles,Viviyan Tolliday,CREATE,0,-0.03406436930394319
1758,1758,2023-06-03 04:45:00,bucket/browseTitles,Abrahan Kingsland,WRITE,0,-0.04610218434169655
1760,1760,2023-06-03 04:45:00,bucket/browseTitles,Shalne Lyosik,CREATE,0,-0.004741127227091191
1769,1769,2023-06-03 04:44:00,bucket/search,Tracy Sperling,UPDATE,0,-0.02267019126824099
1770,1770,2023-06-03 04:43:00,bucket/movieDetails,Zak Yorston,CREATE,0,-0.040552217484169706
1771,1771,2023-06-03 04:43:00,bucket/playback,Aubine Jandl,CREATE,0,-0.001841967286413726
1780,1780,2023-06-03 04:40:00,bucket/search,Noell Oakton,UPDATE,0,-0.001563931779022254
1781,1781,2023-06-03 04:40:00,bucket/movieDetails,Trever Ambrosoli,WRITE,0,-0.003669080981825723
1783,1783,2023-06-03 04:39:00,bucket/search,Ahmed Presser,UPDATE,0,-0.0383219801782152
1784,1784,2023-06-03 04:39:00,bucket/browseTitles,Simona Girardoni,CREATE,0,-0.005170879671492323
1785,1785,2023-06-03 04:39:00,bucket/accountMenu,Giralda Peacock,DELETE,0,-0.012839854258644978
1786,1786,2023-06-03 04:39:00,bucket/accountMenu,Christan Keuning,READ,0,-0.021996515361635494
1793,1793,2023-05-03 15:52:00,bucket/gameDetails,Tawsha Hatwells,CREATE,0,-0.01998770955458329
1799,1799,2023-05-03 15:49:00,bucket/gameDetails,Phedra Oneil,CREATE,0,-0.014868280823758018
1816,1816,2023-05-03 09:17:00,bucket/search,Alanah Dubose,DELETE,0,-0.03111342177055265
1820,1820,2023-05-03 09:17:00,bucket/browseTitles,Zsa zsa Spencers,WRITE,0,-0.03533189942199588
1833,1833,2023-04-03 12:04:00,bucket/search,Chiarra Erickson,WRITE,0,-0.0017254410462407277
1834,1834,2023-04-03 12:03:00,bucket/browseTitles,Alistair Fyers,WRITE,0,-0.0001500769613514974
1840,1840,2023-04-03 11:00:00,bucket/search,Zorah Reeson,READ,0,-0.011241196531684983
1852,1852,2023-04-03 07:00:00,bucket/search,Adah Perree,UPDATE,0,-0.013568057039559656
1860,1860,2023-03-03 19:50:00,bucket/search,Alfons McKinney,CREATE,0,-0.02799820979634371
1879,1879,2023-03-03 15:52:00,bucket/browseTitlesGallery,Abigale Lippard,READ,0,-0.005179309452828629
1892,1892,2023-03-03 06:59:00,bucket/gameDetails,Trudy Eccott,CREATE,0,-0.0019096436959604723
1910,1910,2023-03-03 05:56:00,bucket/search,Warde Frede,CREATE,0,-0.02989750747415809
1933,1933,2023-02-03 17:56:00,bucket/browseTitlesGallery,Karoline Pevreal,WRITE,0,-0.00562783948190515
1937,1937,2023-02-03 17:55:00,bucket/browseTitles,Akim Kinman,UPDATE,0,-0.004894902978509474
1938,1938,2023-02-03 17:50:00,bucket/browseTitles,Ailene Jeanin,WRITE,0,-0.03169125314193888
1946,1946,2023-02-03 17:50:00,bucket/browseGames,Vittorio Screas,READ,0,-0.00895914897463157
1947,1947,2023-02-03 17:50:00,bucket/cachedVideos,Aleen Cartman,CREATE,0,-0.056491202047641687
1949,1949,2023-02-03 17:50:00,bucket/cachedVideos,Arnoldo Barday,UPDATE,0,-0.019453700527099826
1950,1950,2023-02-03 17:50:00,bucket/cachedVideos,Gib Iacovini,WRITE,0,-0.004222497688100568
1951,1951,2023-02-03 17:50:00,bucket/cachedVideos,Rusty Sponer,CREATE,0,-0.031090313877739195
1958,1958,2023-01-03 22:31:00,bucket/postPlay,Teddie Charon,UPDATE,0,-0.035896629246625844
1960,1960,2023-01-03 22:30:00,bucket/playback,Anders Hardan,CREATE,0,-0.038144462940621904
1962,1962,2023-01-03 21:50:00,bucket/browseTitles,Durward Spurdens,WRITE,0,-0.025326267467187913
1964,1964,2023-01-03 21:49:00,bucket/playback,Annadiane Ducarne,UPDATE,0,-0.010828167079345308
1968,1968,2023-01-03 21:13:00,bucket/browseTitles,Ari Suermeier,UPDATE,0,-0.028688347600240638
1970,1970,2023-01-03 14:50:00,bucket/playback,Trip Bonnaire,READ,0,-0.028579435180701607
1972,1972,2023-01-03 14:49:00,bucket/browseTitles,Lisa Flaonier,CREATE,0,-0.022610398820963495
1974,1974,2023-01-03 14:48:00,bucket/playback,Fraser Polo,WRITE,0,-0.020481854241238606
1975,1975,2023-01-03 14:48:00,bucket/playback,Demetri Membry,CREATE,0,-0.005905127677579114
1976,1976,2023-01-03 14:48:00,bucket/movieDetails,Geoffry Orthmann,WRITE,0,-0.02880409283144325
1978,1978,2023-01-03 14:47:00,bucket/movieDetails,Tim Hutchinson,WRITE,0,-0.05953090424886409
1979,1979,2023-01-03 14:46:00,bucket/playback,Lilyan Klimkowski,CREATE,0,-0.01798739706577346
1980,1980,2023-01-03 14:46:00,bucket/browseTitles,Stevie Haggleton,UPDATE,0,-0.005521521939821916
1981,1981,2023-01-03 14:27:00,bucket/browseTitles,Alexina Ruste,CREATE,0,-0.050792588569014696
1982,1982,2023-01-03 14:27:00,bucket/playback,Hartwell Sharvill,CREATE,0,-0.00017150485231975932
1985,1985,2023-01-03 14:26:00,bucket/browseTitles,Megan Braven,CREATE,0,-0.02493056354392531
1986,1986,2023-01-03 14:26:00,bucket/movieDetails,Corinne Crankshaw,UPDATE,0,-0.003999935408947386
1987,1987,2023-01-03 14:19:00,bucket/profilesGate,Terence Bourhill,CREATE,0,-0.057938668631142054
1988,1988,2023-01-03 14:19:00,bucket/browseTitles,Norbert Basnall,CREATE,0,-0.026617981199939966
2048,2048,2023-02-26 09:37:00,bucket/search,Taite Cudde,WRITE,0,-0.012466180559068896
2069,2069,2023-02-25 11:26:00,bucket/search,Alf Rosellini,CREATE,0,-0.03240695121372239
2078,2078,2023-02-24 22:41:00,bucket/search,Somerset Lusted,CREATE,0,-0.008753845709077557
2102,2102,2023-02-23 19:14:00,bucket/browseTitles,Woody Bushe,WRITE,0,-0.0089313669336899
2112,2112,2023-02-22 16:58:00,bucket/search,Binky Telford,CREATE,0,-0.00915333854415512
2117,2117,2023-02-22 16:53:00,bucket/search,Toddie Pacquet,CREATE,0,-0.01964454513988889
2119,2119,2023-02-22 16:53:00,bucket/search,Adolf Carlino,READ,0,-0.01943372580052316
2125,2125,2023-02-22 16:51:00,bucket/search,Adrea Perkinson,DELETE,0,-0.01726028001275337
2126,2126,2023-02-22 16:51:00,bucket/search,Alie Deppe,CREATE,0,-0.03602750603310212
2132,2132,2023-02-22 16:50:00,bucket/comedyFeedTab,Zonda Dwire,DELETE,0,-0.02147733955757858
2157,2157,2023-02-22 06:24:00,bucket/cachedVideos,Alina Carson,CREATE,0,-0.03408450722277934
2169,2169,2023-02-21 11:59:00,bucket/search,Ward Ellum,CREATE,0,-0.04043854466012142
2173,2173,2023-02-21 11:51:00,bucket/search,Spense Karpol,WRITE,0,-0.02157197812189726
2181,2181,2023-02-21 11:10:00,bucket/playback,Wynn Martinello,CREATE,0,-0.020174177202656796
2189,2189,2023-02-21 09:39:00,bucket/search,Thatch Grishakin,CREATE,0,-0.02459075460019755
2203,2203,2023-02-21 09:37:00,bucket/search,Roldan Fullman,CREATE,0,-0.0155353299368034
2215,2215,2023-02-21 09:36:00,bucket/search,Peta Boylin,WRITE,0,-0.0009344859266440242
2230,2230,2023-02-20 03:49:00,bucket/search,Edlin Orgel,CREATE,0,-0.00045041911979060156
2239,2239,2023-02-20 03:45:00,bucket/search,Blair Marsy,WRITE,0,-0.011056346407263828
